timestamp,total_nodes,online_nodes,avg_response_time,sync_difference,total_probes,consensus_health
2025-07-19T02:04:05.854947,50,20,0.002411675453186035,0,0,excellent
2025-07-19T02:04:08.982542,50,20,0.002394735813140869,0,0,excellent
2025-07-19T02:04:12.109636,50,20,0.0023425817489624023,0,0,excellent
2025-07-19T02:04:15.222459,50,20,0.0020160913467407227,0,0,excellent
2025-07-19T02:04:18.347592,50,20,0.0023160457611083986,0,0,excellent
2025-07-19T02:04:21.459600,50,20,0.001989448070526123,0,0,excellent
2025-07-19T02:04:24.582295,50,20,0.0023636817932128906,0,0,excellent
2025-07-19T02:04:27.705894,50,20,0.0022856473922729494,0,0,excellent
2025-07-19T02:04:30.831129,50,20,0.0023682713508605957,0,0,excellent
2025-07-19T02:04:33.957819,50,20,0.0023707151412963867,0,0,excellent
2025-07-19T02:04:37.075501,50,20,0.0021457791328430174,0,0,excellent
2025-07-19T02:04:40.200446,50,20,0.0023432493209838865,0,0,excellent
