timestamp,node_id,status,block_count,active_nodes,probe_count,response_time
2025-07-19T02:04:05.756187,node_0,online,1,0,0,0.008780956268310547
2025-07-19T02:04:05.760225,node_1,online,1,0,0,0.0022110939025878906
2025-07-19T02:04:05.764308,node_2,online,1,0,0,0.002212047576904297
2025-07-19T02:04:05.768274,node_3,online,1,0,0,0.002050161361694336
2025-07-19T02:04:05.771969,node_4,online,1,0,0,0.0020368099212646484
2025-07-19T02:04:05.775919,node_5,online,1,0,0,0.002084016799926758
2025-07-19T02:04:05.779890,node_6,online,1,0,0,0.002084016799926758
2025-07-19T02:04:05.783902,node_7,online,1,0,0,0.00202178955078125
2025-07-19T02:04:05.787756,node_8,online,1,0,0,0.002064943313598633
2025-07-19T02:04:05.791503,node_9,online,1,0,0,0.0020017623901367188
2025-07-19T02:04:05.795295,node_10,online,1,0,0,0.0019829273223876953
2025-07-19T02:04:05.799163,node_11,online,1,0,0,0.0020248889923095703
2025-07-19T02:04:05.802973,node_12,online,1,0,0,0.0020339488983154297
2025-07-19T02:04:05.806802,node_13,online,1,0,0,0.0020532608032226562
2025-07-19T02:04:05.811065,node_14,online,1,0,0,0.002550840377807617
2025-07-19T02:04:05.814727,node_15,online,1,0,0,0.0019919872283935547
2025-07-19T02:04:05.818458,node_16,online,1,0,0,0.001990079879760742
2025-07-19T02:04:05.822282,node_17,online,1,0,0,0.002025127410888672
2025-07-19T02:04:05.826064,node_18,online,1,0,0,0.002034902572631836
2025-07-19T02:04:05.829853,node_19,online,1,0,0,0.0019979476928710938
2025-07-19T02:04:05.830907,node_20,offline,0,0,0,999.0
2025-07-19T02:04:05.831773,node_21,offline,0,0,0,999.0
2025-07-19T02:04:05.832992,node_22,offline,0,0,0,999.0
2025-07-19T02:04:05.833861,node_23,offline,0,0,0,999.0
2025-07-19T02:04:05.834646,node_24,offline,0,0,0,999.0
2025-07-19T02:04:05.835461,node_25,offline,0,0,0,999.0
2025-07-19T02:04:05.836284,node_26,offline,0,0,0,999.0
2025-07-19T02:04:05.837091,node_27,offline,0,0,0,999.0
2025-07-19T02:04:05.837914,node_28,offline,0,0,0,999.0
2025-07-19T02:04:05.838722,node_29,offline,0,0,0,999.0
2025-07-19T02:04:05.839513,node_30,offline,0,0,0,999.0
2025-07-19T02:04:05.840318,node_31,offline,0,0,0,999.0
2025-07-19T02:04:05.841117,node_32,offline,0,0,0,999.0
2025-07-19T02:04:05.841919,node_33,offline,0,0,0,999.0
2025-07-19T02:04:05.842699,node_34,offline,0,0,0,999.0
2025-07-19T02:04:05.843516,node_35,offline,0,0,0,999.0
2025-07-19T02:04:05.844739,node_36,offline,0,0,0,999.0
2025-07-19T02:04:05.845559,node_37,offline,0,0,0,999.0
2025-07-19T02:04:05.846308,node_38,offline,0,0,0,999.0
2025-07-19T02:04:05.847098,node_39,offline,0,0,0,999.0
2025-07-19T02:04:05.847861,node_40,offline,0,0,0,999.0
2025-07-19T02:04:05.848673,node_41,offline,0,0,0,999.0
2025-07-19T02:04:05.849451,node_42,offline,0,0,0,999.0
2025-07-19T02:04:05.850259,node_43,offline,0,0,0,999.0
2025-07-19T02:04:05.851046,node_44,offline,0,0,0,999.0
2025-07-19T02:04:05.851787,node_45,offline,0,0,0,999.0
2025-07-19T02:04:05.852599,node_46,offline,0,0,0,999.0
2025-07-19T02:04:05.853385,node_47,offline,0,0,0,999.0
2025-07-19T02:04:05.854148,node_48,offline,0,0,0,999.0
2025-07-19T02:04:05.854928,node_49,offline,0,0,0,999.0
2025-07-19T02:04:08.878380,node_0,online,1,0,0,0.005980730056762695
2025-07-19T02:04:08.883866,node_1,online,1,0,0,0.003120899200439453
2025-07-19T02:04:08.889017,node_2,online,1,0,0,0.0026581287384033203
2025-07-19T02:04:08.894229,node_3,online,1,0,0,0.003022909164428711
2025-07-19T02:04:08.899359,node_4,online,1,0,0,0.002959728240966797
2025-07-19T02:04:08.903239,node_5,online,1,0,0,0.0020308494567871094
2025-07-19T02:04:08.907323,node_6,online,1,0,0,0.0020799636840820312
2025-07-19T02:04:08.911338,node_7,online,1,0,0,0.002054929733276367
2025-07-19T02:04:08.915732,node_8,online,1,0,0,0.002064943313598633
2025-07-19T02:04:08.919642,node_9,online,1,0,0,0.002089977264404297
2025-07-19T02:04:08.923537,node_10,online,1,0,0,0.002012968063354492
2025-07-19T02:04:08.927236,node_11,online,1,0,0,0.001990079879760742
2025-07-19T02:04:08.930943,node_12,online,1,0,0,0.0018961429595947266
2025-07-19T02:04:08.934527,node_13,online,1,0,0,0.0019600391387939453
2025-07-19T02:04:08.938268,node_14,online,1,0,0,0.001964092254638672
2025-07-19T02:04:08.942061,node_15,online,1,0,0,0.002053976058959961
2025-07-19T02:04:08.945700,node_16,online,1,0,0,0.00189208984375
2025-07-19T02:04:08.949430,node_17,online,1,0,0,0.002008199691772461
2025-07-19T02:04:08.953118,node_18,online,1,0,0,0.002002239227294922
2025-07-19T02:04:08.957429,node_19,online,1,0,0,0.002051830291748047
2025-07-19T02:04:08.958379,node_20,offline,0,0,0,999.0
2025-07-19T02:04:08.959212,node_21,offline,0,0,0,999.0
2025-07-19T02:04:08.960694,node_22,offline,0,0,0,999.0
2025-07-19T02:04:08.961568,node_23,offline,0,0,0,999.0
2025-07-19T02:04:08.962369,node_24,offline,0,0,0,999.0
2025-07-19T02:04:08.963173,node_25,offline,0,0,0,999.0
2025-07-19T02:04:08.963989,node_26,offline,0,0,0,999.0
2025-07-19T02:04:08.964767,node_27,offline,0,0,0,999.0
2025-07-19T02:04:08.965520,node_28,offline,0,0,0,999.0
2025-07-19T02:04:08.966311,node_29,offline,0,0,0,999.0
2025-07-19T02:04:08.967108,node_30,offline,0,0,0,999.0
2025-07-19T02:04:08.967870,node_31,offline,0,0,0,999.0
2025-07-19T02:04:08.968612,node_32,offline,0,0,0,999.0
2025-07-19T02:04:08.969390,node_33,offline,0,0,0,999.0
2025-07-19T02:04:08.970194,node_34,offline,0,0,0,999.0
2025-07-19T02:04:08.970992,node_35,offline,0,0,0,999.0
2025-07-19T02:04:08.971742,node_36,offline,0,0,0,999.0
2025-07-19T02:04:08.972539,node_37,offline,0,0,0,999.0
2025-07-19T02:04:08.973777,node_38,offline,0,0,0,999.0
2025-07-19T02:04:08.974583,node_39,offline,0,0,0,999.0
2025-07-19T02:04:08.975384,node_40,offline,0,0,0,999.0
2025-07-19T02:04:08.976195,node_41,offline,0,0,0,999.0
2025-07-19T02:04:08.976987,node_42,offline,0,0,0,999.0
2025-07-19T02:04:08.977755,node_43,offline,0,0,0,999.0
2025-07-19T02:04:08.978547,node_44,offline,0,0,0,999.0
2025-07-19T02:04:08.979365,node_45,offline,0,0,0,999.0
2025-07-19T02:04:08.980146,node_46,offline,0,0,0,999.0
2025-07-19T02:04:08.980931,node_47,offline,0,0,0,999.0
2025-07-19T02:04:08.981731,node_48,offline,0,0,0,999.0
2025-07-19T02:04:08.982523,node_49,offline,0,0,0,999.0
2025-07-19T02:04:12.005399,node_0,online,1,0,0,0.0056302547454833984
2025-07-19T02:04:12.012111,node_1,online,1,0,0,0.0039920806884765625
2025-07-19T02:04:12.016947,node_2,online,1,0,0,0.0027709007263183594
2025-07-19T02:04:12.021617,node_3,online,1,0,0,0.0021576881408691406
2025-07-19T02:04:12.025601,node_4,online,1,0,0,0.002045869827270508
2025-07-19T02:04:12.029446,node_5,online,1,0,0,0.0020689964294433594
2025-07-19T02:04:12.033121,node_6,online,1,0,0,0.001961946487426758
2025-07-19T02:04:12.037630,node_7,online,1,0,0,0.0025730133056640625
2025-07-19T02:04:12.041518,node_8,online,1,0,0,0.0020439624786376953
2025-07-19T02:04:12.045082,node_9,online,1,0,0,0.0018570423126220703
2025-07-19T02:04:12.048866,node_10,online,1,0,0,0.0019559860229492188
2025-07-19T02:04:12.052533,node_11,online,1,0,0,0.0019750595092773438
2025-07-19T02:04:12.056310,node_12,online,1,0,0,0.0019290447235107422
2025-07-19T02:04:12.060085,node_13,online,1,0,0,0.0019588470458984375
2025-07-19T02:04:12.063750,node_14,online,1,0,0,0.001995086669921875
2025-07-19T02:04:12.067587,node_15,online,1,0,0,0.0019919872283935547
2025-07-19T02:04:12.071366,node_16,online,1,0,0,0.002023935317993164
2025-07-19T02:04:12.074941,node_17,online,1,0,0,0.0019609928131103516
2025-07-19T02:04:12.078632,node_18,online,1,0,0,0.0020029544830322266
2025-07-19T02:04:12.082278,node_19,online,1,0,0,0.0019559860229492188
2025-07-19T02:04:12.083226,node_20,offline,0,0,0,999.0
2025-07-19T02:04:12.084075,node_21,offline,0,0,0,999.0
2025-07-19T02:04:12.084914,node_22,offline,0,0,0,999.0
2025-07-19T02:04:12.085798,node_23,offline,0,0,0,999.0
2025-07-19T02:04:12.086655,node_24,offline,0,0,0,999.0
2025-07-19T02:04:12.090380,node_25,offline,0,0,0,999.0
2025-07-19T02:04:12.091165,node_26,offline,0,0,0,999.0
2025-07-19T02:04:12.091965,node_27,offline,0,0,0,999.0
2025-07-19T02:04:12.092777,node_28,offline,0,0,0,999.0
2025-07-19T02:04:12.093560,node_29,offline,0,0,0,999.0
2025-07-19T02:04:12.094379,node_30,offline,0,0,0,999.0
2025-07-19T02:04:12.095130,node_31,offline,0,0,0,999.0
2025-07-19T02:04:12.095907,node_32,offline,0,0,0,999.0
2025-07-19T02:04:12.096706,node_33,offline,0,0,0,999.0
2025-07-19T02:04:12.097500,node_34,offline,0,0,0,999.0
2025-07-19T02:04:12.098186,node_35,offline,0,0,0,999.0
2025-07-19T02:04:12.098863,node_36,offline,0,0,0,999.0
2025-07-19T02:04:12.099652,node_37,offline,0,0,0,999.0
2025-07-19T02:04:12.100433,node_38,offline,0,0,0,999.0
2025-07-19T02:04:12.101215,node_39,offline,0,0,0,999.0
2025-07-19T02:04:12.102029,node_40,offline,0,0,0,999.0
2025-07-19T02:04:12.103282,node_41,offline,0,0,0,999.0
2025-07-19T02:04:12.104083,node_42,offline,0,0,0,999.0
2025-07-19T02:04:12.104845,node_43,offline,0,0,0,999.0
2025-07-19T02:04:12.105636,node_44,offline,0,0,0,999.0
2025-07-19T02:04:12.106445,node_45,offline,0,0,0,999.0
2025-07-19T02:04:12.107238,node_46,offline,0,0,0,999.0
2025-07-19T02:04:12.108021,node_47,offline,0,0,0,999.0
2025-07-19T02:04:12.108819,node_48,offline,0,0,0,999.0
2025-07-19T02:04:12.109619,node_49,offline,0,0,0,999.0
2025-07-19T02:04:15.129663,node_0,online,1,0,0,0.004024028778076172
2025-07-19T02:04:15.135149,node_1,online,1,0,0,0.002665996551513672
2025-07-19T02:04:15.140460,node_2,online,1,0,0,0.0027039051055908203
2025-07-19T02:04:15.145523,node_3,online,1,0,0,0.0025281906127929688
2025-07-19T02:04:15.149346,node_4,online,1,0,0,0.0019888877868652344
2025-07-19T02:04:15.152849,node_5,online,1,0,0,0.0018889904022216797
2025-07-19T02:04:15.156536,node_6,online,1,0,0,0.0021131038665771484
2025-07-19T02:04:15.159858,node_7,online,1,0,0,0.0017299652099609375
2025-07-19T02:04:15.163062,node_8,online,1,0,0,0.001657724380493164
2025-07-19T02:04:15.166495,node_9,online,1,0,0,0.0016129016876220703
2025-07-19T02:04:15.169910,node_10,online,1,0,0,0.0018031597137451172
2025-07-19T02:04:15.173215,node_11,online,1,0,0,0.001664876937866211
2025-07-19T02:04:15.176533,node_12,online,1,0,0,0.0016820430755615234
2025-07-19T02:04:15.180097,node_13,online,1,0,0,0.0018551349639892578
2025-07-19T02:04:15.183469,node_14,online,1,0,0,0.0016751289367675781
2025-07-19T02:04:15.186903,node_15,online,1,0,0,0.0017518997192382812
2025-07-19T02:04:15.190177,node_16,online,1,0,0,0.001672983169555664
2025-07-19T02:04:15.193604,node_17,online,1,0,0,0.0017898082733154297
2025-07-19T02:04:15.196933,node_18,online,1,0,0,0.0017499923706054688
2025-07-19T02:04:15.200392,node_19,online,1,0,0,0.0017631053924560547
2025-07-19T02:04:15.201229,node_20,offline,0,0,0,999.0
2025-07-19T02:04:15.201969,node_21,offline,0,0,0,999.0
2025-07-19T02:04:15.202745,node_22,offline,0,0,0,999.0
2025-07-19T02:04:15.203458,node_23,offline,0,0,0,999.0
2025-07-19T02:04:15.204170,node_24,offline,0,0,0,999.0
2025-07-19T02:04:15.204839,node_25,offline,0,0,0,999.0
2025-07-19T02:04:15.205508,node_26,offline,0,0,0,999.0
2025-07-19T02:04:15.206218,node_27,offline,0,0,0,999.0
2025-07-19T02:04:15.207561,node_28,offline,0,0,0,999.0
2025-07-19T02:04:15.208242,node_29,offline,0,0,0,999.0
2025-07-19T02:04:15.208916,node_30,offline,0,0,0,999.0
2025-07-19T02:04:15.209568,node_31,offline,0,0,0,999.0
2025-07-19T02:04:15.210236,node_32,offline,0,0,0,999.0
2025-07-19T02:04:15.210926,node_33,offline,0,0,0,999.0
2025-07-19T02:04:15.211612,node_34,offline,0,0,0,999.0
2025-07-19T02:04:15.212274,node_35,offline,0,0,0,999.0
2025-07-19T02:04:15.212921,node_36,offline,0,0,0,999.0
2025-07-19T02:04:15.213603,node_37,offline,0,0,0,999.0
2025-07-19T02:04:15.214247,node_38,offline,0,0,0,999.0
2025-07-19T02:04:15.214928,node_39,offline,0,0,0,999.0
2025-07-19T02:04:15.215570,node_40,offline,0,0,0,999.0
2025-07-19T02:04:15.216279,node_41,offline,0,0,0,999.0
2025-07-19T02:04:15.216955,node_42,offline,0,0,0,999.0
2025-07-19T02:04:15.217693,node_43,offline,0,0,0,999.0
2025-07-19T02:04:15.218866,node_44,offline,0,0,0,999.0
2025-07-19T02:04:15.219602,node_45,offline,0,0,0,999.0
2025-07-19T02:04:15.220291,node_46,offline,0,0,0,999.0
2025-07-19T02:04:15.221021,node_47,offline,0,0,0,999.0
2025-07-19T02:04:15.221715,node_48,offline,0,0,0,999.0
2025-07-19T02:04:15.222445,node_49,offline,0,0,0,999.0
2025-07-19T02:04:18.244743,node_0,online,1,0,0,0.005689144134521484
2025-07-19T02:04:18.250857,node_1,online,1,0,0,0.003225088119506836
2025-07-19T02:04:18.256886,node_2,online,1,0,0,0.0030252933502197266
2025-07-19T02:04:18.261416,node_3,online,1,0,0,0.0025200843811035156
2025-07-19T02:04:18.265308,node_4,online,1,0,0,0.0021278858184814453
2025-07-19T02:04:18.269809,node_5,online,1,0,0,0.0020749568939208984
2025-07-19T02:04:18.273495,node_6,online,1,0,0,0.0019750595092773438
2025-07-19T02:04:18.277178,node_7,online,1,0,0,0.0019381046295166016
2025-07-19T02:04:18.280971,node_8,online,1,0,0,0.0019099712371826172
2025-07-19T02:04:18.284806,node_9,online,1,0,0,0.002077817916870117
2025-07-19T02:04:18.289081,node_10,online,1,0,0,0.0019330978393554688
2025-07-19T02:04:18.292830,node_11,online,1,0,0,0.0019881725311279297
2025-07-19T02:04:18.296503,node_12,online,1,0,0,0.0019369125366210938
2025-07-19T02:04:18.300289,node_13,online,1,0,0,0.001995086669921875
2025-07-19T02:04:18.304016,node_14,online,1,0,0,0.001961946487426758
2025-07-19T02:04:18.307596,node_15,online,1,0,0,0.0019481182098388672
2025-07-19T02:04:18.311300,node_16,online,1,0,0,0.0019779205322265625
2025-07-19T02:04:18.315013,node_17,online,1,0,0,0.0019690990447998047
2025-07-19T02:04:18.318765,node_18,online,1,0,0,0.0020411014556884766
2025-07-19T02:04:18.322641,node_19,online,1,0,0,0.002006053924560547
2025-07-19T02:04:18.323676,node_20,offline,0,0,0,999.0
2025-07-19T02:04:18.324542,node_21,offline,0,0,0,999.0
2025-07-19T02:04:18.325387,node_22,offline,0,0,0,999.0
2025-07-19T02:04:18.326223,node_23,offline,0,0,0,999.0
2025-07-19T02:04:18.327059,node_24,offline,0,0,0,999.0
2025-07-19T02:04:18.327847,node_25,offline,0,0,0,999.0
2025-07-19T02:04:18.328617,node_26,offline,0,0,0,999.0
2025-07-19T02:04:18.329402,node_27,offline,0,0,0,999.0
2025-07-19T02:04:18.330183,node_28,offline,0,0,0,999.0
2025-07-19T02:04:18.330992,node_29,offline,0,0,0,999.0
2025-07-19T02:04:18.331804,node_30,offline,0,0,0,999.0
2025-07-19T02:04:18.333169,node_31,offline,0,0,0,999.0
2025-07-19T02:04:18.333958,node_32,offline,0,0,0,999.0
2025-07-19T02:04:18.334723,node_33,offline,0,0,0,999.0
2025-07-19T02:04:18.335473,node_34,offline,0,0,0,999.0
2025-07-19T02:04:18.336257,node_35,offline,0,0,0,999.0
2025-07-19T02:04:18.337016,node_36,offline,0,0,0,999.0
2025-07-19T02:04:18.337804,node_37,offline,0,0,0,999.0
2025-07-19T02:04:18.338559,node_38,offline,0,0,0,999.0
2025-07-19T02:04:18.339360,node_39,offline,0,0,0,999.0
2025-07-19T02:04:18.340157,node_40,offline,0,0,0,999.0
2025-07-19T02:04:18.340943,node_41,offline,0,0,0,999.0
2025-07-19T02:04:18.341718,node_42,offline,0,0,0,999.0
2025-07-19T02:04:18.342486,node_43,offline,0,0,0,999.0
2025-07-19T02:04:18.343250,node_44,offline,0,0,0,999.0
2025-07-19T02:04:18.344020,node_45,offline,0,0,0,999.0
2025-07-19T02:04:18.344770,node_46,offline,0,0,0,999.0
2025-07-19T02:04:18.346001,node_47,offline,0,0,0,999.0
2025-07-19T02:04:18.346787,node_48,offline,0,0,0,999.0
2025-07-19T02:04:18.347576,node_49,offline,0,0,0,999.0
2025-07-19T02:04:21.367638,node_0,online,1,0,0,0.0033380985260009766
2025-07-19T02:04:21.373125,node_1,online,1,0,0,0.002856731414794922
2025-07-19T02:04:21.378130,node_2,online,1,0,0,0.0025370121002197266
2025-07-19T02:04:21.382001,node_3,online,1,0,0,0.002043008804321289
2025-07-19T02:04:21.385539,node_4,online,1,0,0,0.0017659664154052734
2025-07-19T02:04:21.389256,node_5,online,1,0,0,0.0019681453704833984
2025-07-19T02:04:21.392606,node_6,online,1,0,0,0.001695871353149414
2025-07-19T02:04:21.395985,node_7,online,1,0,0,0.0017638206481933594
2025-07-19T02:04:21.399278,node_8,online,1,0,0,0.0016472339630126953
2025-07-19T02:04:21.403315,node_9,online,1,0,0,0.002332925796508789
2025-07-19T02:04:21.406829,node_10,online,1,0,0,0.0018281936645507812
2025-07-19T02:04:21.409993,node_11,online,1,0,0,0.0016219615936279297
2025-07-19T02:04:21.413513,node_12,online,1,0,0,0.0018570423126220703
2025-07-19T02:04:21.416860,node_13,online,1,0,0,0.001722097396850586
2025-07-19T02:04:21.420280,node_14,online,1,0,0,0.0018138885498046875
2025-07-19T02:04:21.423765,node_15,online,1,0,0,0.0016956329345703125
2025-07-19T02:04:21.427369,node_16,online,1,0,0,0.0018320083618164062
2025-07-19T02:04:21.430988,node_17,online,1,0,0,0.0018112659454345703
2025-07-19T02:04:21.434712,node_18,online,1,0,0,0.0018551349639892578
2025-07-19T02:04:21.438225,node_19,online,1,0,0,0.0018029212951660156
2025-07-19T02:04:21.439064,node_20,offline,0,0,0,999.0
2025-07-19T02:04:21.439879,node_21,offline,0,0,0,999.0
2025-07-19T02:04:21.440573,node_22,offline,0,0,0,999.0
2025-07-19T02:04:21.441221,node_23,offline,0,0,0,999.0
2025-07-19T02:04:21.441969,node_24,offline,0,0,0,999.0
2025-07-19T02:04:21.442721,node_25,offline,0,0,0,999.0
2025-07-19T02:04:21.443548,node_26,offline,0,0,0,999.0
2025-07-19T02:04:21.444234,node_27,offline,0,0,0,999.0
2025-07-19T02:04:21.444955,node_28,offline,0,0,0,999.0
2025-07-19T02:04:21.445669,node_29,offline,0,0,0,999.0
2025-07-19T02:04:21.446389,node_30,offline,0,0,0,999.0
2025-07-19T02:04:21.447083,node_31,offline,0,0,0,999.0
2025-07-19T02:04:21.447691,node_32,offline,0,0,0,999.0
2025-07-19T02:04:21.448328,node_33,offline,0,0,0,999.0
2025-07-19T02:04:21.449603,node_34,offline,0,0,0,999.0
2025-07-19T02:04:21.450242,node_35,offline,0,0,0,999.0
2025-07-19T02:04:21.450865,node_36,offline,0,0,0,999.0
2025-07-19T02:04:21.451520,node_37,offline,0,0,0,999.0
2025-07-19T02:04:21.452245,node_38,offline,0,0,0,999.0
2025-07-19T02:04:21.452908,node_39,offline,0,0,0,999.0
2025-07-19T02:04:21.453587,node_40,offline,0,0,0,999.0
2025-07-19T02:04:21.454238,node_41,offline,0,0,0,999.0
2025-07-19T02:04:21.454869,node_42,offline,0,0,0,999.0
2025-07-19T02:04:21.455484,node_43,offline,0,0,0,999.0
2025-07-19T02:04:21.456122,node_44,offline,0,0,0,999.0
2025-07-19T02:04:21.456761,node_45,offline,0,0,0,999.0
2025-07-19T02:04:21.457475,node_46,offline,0,0,0,999.0
2025-07-19T02:04:21.458172,node_47,offline,0,0,0,999.0
2025-07-19T02:04:21.458882,node_48,offline,0,0,0,999.0
2025-07-19T02:04:21.459586,node_49,offline,0,0,0,999.0
2025-07-19T02:04:24.482330,node_0,online,1,0,0,0.007265806198120117
2025-07-19T02:04:24.488135,node_1,online,1,0,0,0.0032901763916015625
2025-07-19T02:04:24.492743,node_2,online,1,0,0,0.0024330615997314453
2025-07-19T02:04:24.496753,node_3,online,1,0,0,0.002089977264404297
2025-07-19T02:04:24.500278,node_4,online,1,0,0,0.0019216537475585938
2025-07-19T02:04:24.503917,node_5,online,1,0,0,0.0018880367279052734
2025-07-19T02:04:24.507921,node_6,online,1,0,0,0.0021119117736816406
2025-07-19T02:04:24.511556,node_7,online,1,0,0,0.0019409656524658203
2025-07-19T02:04:24.515499,node_8,online,1,0,0,0.001966238021850586
2025-07-19T02:04:24.519470,node_9,online,1,0,0,0.0020530223846435547
2025-07-19T02:04:24.523279,node_10,online,1,0,0,0.0020751953125
2025-07-19T02:04:24.527133,node_11,online,1,0,0,0.001993894577026367
2025-07-19T02:04:24.530777,node_12,online,1,0,0,0.0019750595092773438
2025-07-19T02:04:24.534521,node_13,online,1,0,0,0.001972198486328125
2025-07-19T02:04:24.538344,node_14,online,1,0,0,0.0019872188568115234
2025-07-19T02:04:24.542285,node_15,online,1,0,0,0.002106189727783203
2025-07-19T02:04:24.545996,node_16,online,1,0,0,0.002042055130004883
2025-07-19T02:04:24.549786,node_17,online,1,0,0,0.0019218921661376953
2025-07-19T02:04:24.553859,node_18,online,1,0,0,0.002171754837036133
2025-07-19T02:04:24.557764,node_19,online,1,0,0,0.0020673274993896484
2025-07-19T02:04:24.558759,node_20,offline,0,0,0,999.0
2025-07-19T02:04:24.559629,node_21,offline,0,0,0,999.0
2025-07-19T02:04:24.560532,node_22,offline,0,0,0,999.0
2025-07-19T02:04:24.561398,node_23,offline,0,0,0,999.0
2025-07-19T02:04:24.562237,node_24,offline,0,0,0,999.0
2025-07-19T02:04:24.563067,node_25,offline,0,0,0,999.0
2025-07-19T02:04:24.563866,node_26,offline,0,0,0,999.0
2025-07-19T02:04:24.564648,node_27,offline,0,0,0,999.0
2025-07-19T02:04:24.565438,node_28,offline,0,0,0,999.0
2025-07-19T02:04:24.566235,node_29,offline,0,0,0,999.0
2025-07-19T02:04:24.566990,node_30,offline,0,0,0,999.0
2025-07-19T02:04:24.567764,node_31,offline,0,0,0,999.0
2025-07-19T02:04:24.568570,node_32,offline,0,0,0,999.0
2025-07-19T02:04:24.569369,node_33,offline,0,0,0,999.0
2025-07-19T02:04:24.570135,node_34,offline,0,0,0,999.0
2025-07-19T02:04:24.570920,node_35,offline,0,0,0,999.0
2025-07-19T02:04:24.572219,node_36,offline,0,0,0,999.0
2025-07-19T02:04:24.573041,node_37,offline,0,0,0,999.0
2025-07-19T02:04:24.573812,node_38,offline,0,0,0,999.0
2025-07-19T02:04:24.574605,node_39,offline,0,0,0,999.0
2025-07-19T02:04:24.575338,node_40,offline,0,0,0,999.0
2025-07-19T02:04:24.576035,node_41,offline,0,0,0,999.0
2025-07-19T02:04:24.576805,node_42,offline,0,0,0,999.0
2025-07-19T02:04:24.577554,node_43,offline,0,0,0,999.0
2025-07-19T02:04:24.578319,node_44,offline,0,0,0,999.0
2025-07-19T02:04:24.579119,node_45,offline,0,0,0,999.0
2025-07-19T02:04:24.579922,node_46,offline,0,0,0,999.0
2025-07-19T02:04:24.580694,node_47,offline,0,0,0,999.0
2025-07-19T02:04:24.581504,node_48,offline,0,0,0,999.0
2025-07-19T02:04:24.582280,node_49,offline,0,0,0,999.0
2025-07-19T02:04:27.603629,node_0,online,1,0,0,0.004708051681518555
2025-07-19T02:04:27.608573,node_1,online,1,0,0,0.0026497840881347656
2025-07-19T02:04:27.614279,node_2,online,1,0,0,0.002774953842163086
2025-07-19T02:04:27.620322,node_3,online,1,0,0,0.0035016536712646484
2025-07-19T02:04:27.624967,node_4,online,1,0,0,0.0024750232696533203
2025-07-19T02:04:27.628937,node_5,online,1,0,0,0.0019969940185546875
2025-07-19T02:04:27.632832,node_6,online,1,0,0,0.002093791961669922
2025-07-19T02:04:27.636487,node_7,online,1,0,0,0.001753091812133789
2025-07-19T02:04:27.640947,node_8,online,1,0,0,0.0023741722106933594
2025-07-19T02:04:27.644879,node_9,online,1,0,0,0.0019731521606445312
2025-07-19T02:04:27.649125,node_10,online,1,0,0,0.0019860267639160156
2025-07-19T02:04:27.653283,node_11,online,1,0,0,0.002254009246826172
2025-07-19T02:04:27.656735,node_12,online,1,0,0,0.0018010139465332031
2025-07-19T02:04:27.660201,node_13,online,1,0,0,0.0018596649169921875
2025-07-19T02:04:27.663555,node_14,online,1,0,0,0.001725912094116211
2025-07-19T02:04:27.667512,node_15,online,1,0,0,0.002192974090576172
2025-07-19T02:04:27.670796,node_16,online,1,0,0,0.001680135726928711
2025-07-19T02:04:27.674677,node_17,online,1,0,0,0.0021581649780273438
2025-07-19T02:04:27.678607,node_18,online,1,0,0,0.002008199691772461
2025-07-19T02:04:27.682086,node_19,online,1,0,0,0.0017461776733398438
2025-07-19T02:04:27.683228,node_20,offline,0,0,0,999.0
2025-07-19T02:04:27.684054,node_21,offline,0,0,0,999.0
2025-07-19T02:04:27.685498,node_22,offline,0,0,0,999.0
2025-07-19T02:04:27.686338,node_23,offline,0,0,0,999.0
2025-07-19T02:04:27.687123,node_24,offline,0,0,0,999.0
2025-07-19T02:04:27.687892,node_25,offline,0,0,0,999.0
2025-07-19T02:04:27.688641,node_26,offline,0,0,0,999.0
2025-07-19T02:04:27.689429,node_27,offline,0,0,0,999.0
2025-07-19T02:04:27.690052,node_28,offline,0,0,0,999.0
2025-07-19T02:04:27.690698,node_29,offline,0,0,0,999.0
2025-07-19T02:04:27.691367,node_30,offline,0,0,0,999.0
2025-07-19T02:04:27.692149,node_31,offline,0,0,0,999.0
2025-07-19T02:04:27.692925,node_32,offline,0,0,0,999.0
2025-07-19T02:04:27.693688,node_33,offline,0,0,0,999.0
2025-07-19T02:04:27.694438,node_34,offline,0,0,0,999.0
2025-07-19T02:04:27.695186,node_35,offline,0,0,0,999.0
2025-07-19T02:04:27.695817,node_36,offline,0,0,0,999.0
2025-07-19T02:04:27.696462,node_37,offline,0,0,0,999.0
2025-07-19T02:04:27.697202,node_38,offline,0,0,0,999.0
2025-07-19T02:04:27.698422,node_39,offline,0,0,0,999.0
2025-07-19T02:04:27.699185,node_40,offline,0,0,0,999.0
2025-07-19T02:04:27.700002,node_41,offline,0,0,0,999.0
2025-07-19T02:04:27.700775,node_42,offline,0,0,0,999.0
2025-07-19T02:04:27.701533,node_43,offline,0,0,0,999.0
2025-07-19T02:04:27.702261,node_44,offline,0,0,0,999.0
2025-07-19T02:04:27.702991,node_45,offline,0,0,0,999.0
2025-07-19T02:04:27.703705,node_46,offline,0,0,0,999.0
2025-07-19T02:04:27.704365,node_47,offline,0,0,0,999.0
2025-07-19T02:04:27.705119,node_48,offline,0,0,0,999.0
2025-07-19T02:04:27.705878,node_49,offline,0,0,0,999.0
2025-07-19T02:04:30.727749,node_0,online,1,0,0,0.005711078643798828
2025-07-19T02:04:30.733257,node_1,online,1,0,0,0.003103971481323242
2025-07-19T02:04:30.739222,node_2,online,1,0,0,0.003062009811401367
2025-07-19T02:04:30.744723,node_3,online,1,0,0,0.003099679946899414
2025-07-19T02:04:30.749230,node_4,online,1,0,0,0.002341032028198242
2025-07-19T02:04:30.753251,node_5,online,1,0,0,0.0021581649780273438
2025-07-19T02:04:30.757170,node_6,online,1,0,0,0.0020380020141601562
2025-07-19T02:04:30.761049,node_7,online,1,0,0,0.0020318031311035156
2025-07-19T02:04:30.764996,node_8,online,1,0,0,0.002090930938720703
2025-07-19T02:04:30.768819,node_9,online,1,0,0,0.001961946487426758
2025-07-19T02:04:30.772620,node_10,online,1,0,0,0.002003908157348633
2025-07-19T02:04:30.776286,node_11,online,1,0,0,0.0019228458404541016
2025-07-19T02:04:30.779992,node_12,online,1,0,0,0.001967906951904297
2025-07-19T02:04:30.783624,node_13,online,1,0,0,0.0019800662994384766
2025-07-19T02:04:30.787311,node_14,online,1,0,0,0.001992940902709961
2025-07-19T02:04:30.791072,node_15,online,1,0,0,0.0019910335540771484
2025-07-19T02:04:30.794690,node_16,online,1,0,0,0.0019528865814208984
2025-07-19T02:04:30.798449,node_17,online,1,0,0,0.0019860267639160156
2025-07-19T02:04:30.802264,node_18,online,1,0,0,0.0019850730895996094
2025-07-19T02:04:30.806094,node_19,online,1,0,0,0.001984119415283203
2025-07-19T02:04:30.807097,node_20,offline,0,0,0,999.0
2025-07-19T02:04:30.807957,node_21,offline,0,0,0,999.0
2025-07-19T02:04:30.808777,node_22,offline,0,0,0,999.0
2025-07-19T02:04:30.809599,node_23,offline,0,0,0,999.0
2025-07-19T02:04:30.810409,node_24,offline,0,0,0,999.0
2025-07-19T02:04:30.811896,node_25,offline,0,0,0,999.0
2025-07-19T02:04:30.812730,node_26,offline,0,0,0,999.0
2025-07-19T02:04:30.813554,node_27,offline,0,0,0,999.0
2025-07-19T02:04:30.814333,node_28,offline,0,0,0,999.0
2025-07-19T02:04:30.815054,node_29,offline,0,0,0,999.0
2025-07-19T02:04:30.815691,node_30,offline,0,0,0,999.0
2025-07-19T02:04:30.816469,node_31,offline,0,0,0,999.0
2025-07-19T02:04:30.817251,node_32,offline,0,0,0,999.0
2025-07-19T02:04:30.818022,node_33,offline,0,0,0,999.0
2025-07-19T02:04:30.818786,node_34,offline,0,0,0,999.0
2025-07-19T02:04:30.819578,node_35,offline,0,0,0,999.0
2025-07-19T02:04:30.820356,node_36,offline,0,0,0,999.0
2025-07-19T02:04:30.821142,node_37,offline,0,0,0,999.0
2025-07-19T02:04:30.821913,node_38,offline,0,0,0,999.0
2025-07-19T02:04:30.822672,node_39,offline,0,0,0,999.0
2025-07-19T02:04:30.823467,node_40,offline,0,0,0,999.0
2025-07-19T02:04:30.824243,node_41,offline,0,0,0,999.0
2025-07-19T02:04:30.825727,node_42,offline,0,0,0,999.0
2025-07-19T02:04:30.826543,node_43,offline,0,0,0,999.0
2025-07-19T02:04:30.827287,node_44,offline,0,0,0,999.0
2025-07-19T02:04:30.828076,node_45,offline,0,0,0,999.0
2025-07-19T02:04:30.828744,node_46,offline,0,0,0,999.0
2025-07-19T02:04:30.829551,node_47,offline,0,0,0,999.0
2025-07-19T02:04:30.830336,node_48,offline,0,0,0,999.0
2025-07-19T02:04:30.831115,node_49,offline,0,0,0,999.0
2025-07-19T02:04:33.853660,node_0,online,1,0,0,0.005761861801147461
2025-07-19T02:04:33.859278,node_1,online,1,0,0,0.003116130828857422
2025-07-19T02:04:33.865773,node_2,online,1,0,0,0.0028579235076904297
2025-07-19T02:04:33.870951,node_3,online,1,0,0,0.002851724624633789
2025-07-19T02:04:33.875239,node_4,online,1,0,0,0.002402067184448242
2025-07-19T02:04:33.879211,node_5,online,1,0,0,0.002065896987915039
2025-07-19T02:04:33.883013,node_6,online,1,0,0,0.0020008087158203125
2025-07-19T02:04:33.886862,node_7,online,1,0,0,0.002045869827270508
2025-07-19T02:04:33.890662,node_8,online,1,0,0,0.0020089149475097656
2025-07-19T02:04:33.894449,node_9,online,1,0,0,0.0019750595092773438
2025-07-19T02:04:33.898231,node_10,online,1,0,0,0.0019867420196533203
2025-07-19T02:04:33.901989,node_11,online,1,0,0,0.0019860267639160156
2025-07-19T02:04:33.906346,node_12,online,1,0,0,0.002578258514404297
2025-07-19T02:04:33.909979,node_13,online,1,0,0,0.0019550323486328125
2025-07-19T02:04:33.913823,node_14,online,1,0,0,0.001995086669921875
2025-07-19T02:04:33.917539,node_15,online,1,0,0,0.0019500255584716797
2025-07-19T02:04:33.921170,node_16,online,1,0,0,0.0018448829650878906
2025-07-19T02:04:33.924905,node_17,online,1,0,0,0.00201416015625
2025-07-19T02:04:33.928672,node_18,online,1,0,0,0.0019788742065429688
2025-07-19T02:04:33.932459,node_19,online,1,0,0,0.0020389556884765625
2025-07-19T02:04:33.933406,node_20,offline,0,0,0,999.0
2025-07-19T02:04:33.934268,node_21,offline,0,0,0,999.0
2025-07-19T02:04:33.935121,node_22,offline,0,0,0,999.0
2025-07-19T02:04:33.935954,node_23,offline,0,0,0,999.0
2025-07-19T02:04:33.936777,node_24,offline,0,0,0,999.0
2025-07-19T02:04:33.937580,node_25,offline,0,0,0,999.0
2025-07-19T02:04:33.938400,node_26,offline,0,0,0,999.0
2025-07-19T02:04:33.939165,node_27,offline,0,0,0,999.0
2025-07-19T02:04:33.940618,node_28,offline,0,0,0,999.0
2025-07-19T02:04:33.941427,node_29,offline,0,0,0,999.0
2025-07-19T02:04:33.942234,node_30,offline,0,0,0,999.0
2025-07-19T02:04:33.943021,node_31,offline,0,0,0,999.0
2025-07-19T02:04:33.943809,node_32,offline,0,0,0,999.0
2025-07-19T02:04:33.944586,node_33,offline,0,0,0,999.0
2025-07-19T02:04:33.945366,node_34,offline,0,0,0,999.0
2025-07-19T02:04:33.946138,node_35,offline,0,0,0,999.0
2025-07-19T02:04:33.946900,node_36,offline,0,0,0,999.0
2025-07-19T02:04:33.947630,node_37,offline,0,0,0,999.0
2025-07-19T02:04:33.948371,node_38,offline,0,0,0,999.0
2025-07-19T02:04:33.949072,node_39,offline,0,0,0,999.0
2025-07-19T02:04:33.949778,node_40,offline,0,0,0,999.0
2025-07-19T02:04:33.950505,node_41,offline,0,0,0,999.0
2025-07-19T02:04:33.951245,node_42,offline,0,0,0,999.0
2025-07-19T02:04:33.952139,node_43,offline,0,0,0,999.0
2025-07-19T02:04:33.952980,node_44,offline,0,0,0,999.0
2025-07-19T02:04:33.954554,node_45,offline,0,0,0,999.0
2025-07-19T02:04:33.955553,node_46,offline,0,0,0,999.0
2025-07-19T02:04:33.956361,node_47,offline,0,0,0,999.0
2025-07-19T02:04:33.957065,node_48,offline,0,0,0,999.0
2025-07-19T02:04:33.957804,node_49,offline,0,0,0,999.0
2025-07-19T02:04:36.978674,node_0,online,1,0,0,0.004411220550537109
2025-07-19T02:04:36.983426,node_1,online,1,0,0,0.002501964569091797
2025-07-19T02:04:36.987746,node_2,online,1,0,0,0.0023360252380371094
2025-07-19T02:04:36.992107,node_3,online,1,0,0,0.0021839141845703125
2025-07-19T02:04:36.996088,node_4,online,1,0,0,0.002081632614135742
2025-07-19T02:04:36.999973,node_5,online,1,0,0,0.0020189285278320312
2025-07-19T02:04:37.004095,node_6,online,1,0,0,0.002228260040283203
2025-07-19T02:04:37.007818,node_7,online,1,0,0,0.0019431114196777344
2025-07-19T02:04:37.011474,node_8,online,1,0,0,0.0019609928131103516
2025-07-19T02:04:37.015137,node_9,online,1,0,0,0.001961946487426758
2025-07-19T02:04:37.018667,node_10,online,1,0,0,0.0018808841705322266
2025-07-19T02:04:37.022156,node_11,online,1,0,0,0.001750946044921875
2025-07-19T02:04:37.025446,node_12,online,1,0,0,0.0017268657684326172
2025-07-19T02:04:37.029261,node_13,online,1,0,0,0.00220489501953125
2025-07-19T02:04:37.032966,node_14,online,1,0,0,0.0019083023071289062
2025-07-19T02:04:37.036701,node_15,online,1,0,0,0.002035856246948242
2025-07-19T02:04:37.040728,node_16,online,1,0,0,0.0019178390502929688
2025-07-19T02:04:37.044505,node_17,online,1,0,0,0.001993894577026367
2025-07-19T02:04:37.048226,node_18,online,1,0,0,0.001928091049194336
2025-07-19T02:04:37.051923,node_19,online,1,0,0,0.001940011978149414
2025-07-19T02:04:37.053054,node_20,offline,0,0,0,999.0
2025-07-19T02:04:37.053900,node_21,offline,0,0,0,999.0
2025-07-19T02:04:37.054726,node_22,offline,0,0,0,999.0
2025-07-19T02:04:37.055507,node_23,offline,0,0,0,999.0
2025-07-19T02:04:37.056288,node_24,offline,0,0,0,999.0
2025-07-19T02:04:37.057064,node_25,offline,0,0,0,999.0
2025-07-19T02:04:37.057801,node_26,offline,0,0,0,999.0
2025-07-19T02:04:37.058522,node_27,offline,0,0,0,999.0
2025-07-19T02:04:37.059254,node_28,offline,0,0,0,999.0
2025-07-19T02:04:37.060002,node_29,offline,0,0,0,999.0
2025-07-19T02:04:37.060758,node_30,offline,0,0,0,999.0
2025-07-19T02:04:37.062059,node_31,offline,0,0,0,999.0
2025-07-19T02:04:37.062790,node_32,offline,0,0,0,999.0
2025-07-19T02:04:37.063518,node_33,offline,0,0,0,999.0
2025-07-19T02:04:37.064226,node_34,offline,0,0,0,999.0
2025-07-19T02:04:37.064957,node_35,offline,0,0,0,999.0
2025-07-19T02:04:37.065667,node_36,offline,0,0,0,999.0
2025-07-19T02:04:37.066366,node_37,offline,0,0,0,999.0
2025-07-19T02:04:37.067097,node_38,offline,0,0,0,999.0
2025-07-19T02:04:37.067810,node_39,offline,0,0,0,999.0
2025-07-19T02:04:37.068529,node_40,offline,0,0,0,999.0
2025-07-19T02:04:37.069238,node_41,offline,0,0,0,999.0
2025-07-19T02:04:37.069953,node_42,offline,0,0,0,999.0
2025-07-19T02:04:37.070671,node_43,offline,0,0,0,999.0
2025-07-19T02:04:37.071348,node_44,offline,0,0,0,999.0
2025-07-19T02:04:37.072073,node_45,offline,0,0,0,999.0
2025-07-19T02:04:37.072809,node_46,offline,0,0,0,999.0
2025-07-19T02:04:37.073523,node_47,offline,0,0,0,999.0
2025-07-19T02:04:37.074760,node_48,offline,0,0,0,999.0
2025-07-19T02:04:37.075487,node_49,offline,0,0,0,999.0
2025-07-19T02:04:40.097831,node_0,online,1,0,0,0.005219936370849609
2025-07-19T02:04:40.103414,node_1,online,1,0,0,0.0030798912048339844
2025-07-19T02:04:40.109352,node_2,online,1,0,0,0.0031042098999023438
2025-07-19T02:04:40.113917,node_3,online,1,0,0,0.0023317337036132812
2025-07-19T02:04:40.118005,node_4,online,1,0,0,0.002151966094970703
2025-07-19T02:04:40.121862,node_5,online,1,0,0,0.0020439624786376953
2025-07-19T02:04:40.125519,node_6,online,1,0,0,0.0018711090087890625
2025-07-19T02:04:40.129172,node_7,online,1,0,0,0.002009868621826172
2025-07-19T02:04:40.132852,node_8,online,1,0,0,0.0019388198852539062
2025-07-19T02:04:40.136620,node_9,online,1,0,0,0.002035856246948242
2025-07-19T02:04:40.140413,node_10,online,1,0,0,0.0019888877868652344
2025-07-19T02:04:40.144824,node_11,online,1,0,0,0.002576112747192383
2025-07-19T02:04:40.148743,node_12,online,1,0,0,0.002103090286254883
2025-07-19T02:04:40.152528,node_13,online,1,0,0,0.0019769668579101562
2025-07-19T02:04:40.156897,node_14,online,1,0,0,0.002029895782470703
2025-07-19T02:04:40.160586,node_15,online,1,0,0,0.0019567012786865234
2025-07-19T02:04:40.164308,node_16,online,1,0,0,0.0019369125366210938
2025-07-19T02:04:40.168600,node_17,online,1,0,0,0.002557992935180664
2025-07-19T02:04:40.172298,node_18,online,1,0,0,0.0019872188568115234
2025-07-19T02:04:40.175998,node_19,online,1,0,0,0.0019638538360595703
2025-07-19T02:04:40.176845,node_20,offline,0,0,0,999.0
2025-07-19T02:04:40.177716,node_21,offline,0,0,0,999.0
2025-07-19T02:04:40.178589,node_22,offline,0,0,0,999.0
2025-07-19T02:04:40.179436,node_23,offline,0,0,0,999.0
2025-07-19T02:04:40.180245,node_24,offline,0,0,0,999.0
2025-07-19T02:04:40.181068,node_25,offline,0,0,0,999.0
2025-07-19T02:04:40.181852,node_26,offline,0,0,0,999.0
2025-07-19T02:04:40.182648,node_27,offline,0,0,0,999.0
2025-07-19T02:04:40.183457,node_28,offline,0,0,0,999.0
2025-07-19T02:04:40.184202,node_29,offline,0,0,0,999.0
2025-07-19T02:04:40.184895,node_30,offline,0,0,0,999.0
2025-07-19T02:04:40.185680,node_31,offline,0,0,0,999.0
2025-07-19T02:04:40.186516,node_32,offline,0,0,0,999.0
2025-07-19T02:04:40.187348,node_33,offline,0,0,0,999.0
2025-07-19T02:04:40.188733,node_34,offline,0,0,0,999.0
2025-07-19T02:04:40.189526,node_35,offline,0,0,0,999.0
2025-07-19T02:04:40.190315,node_36,offline,0,0,0,999.0
2025-07-19T02:04:40.191101,node_37,offline,0,0,0,999.0
2025-07-19T02:04:40.191877,node_38,offline,0,0,0,999.0
2025-07-19T02:04:40.192552,node_39,offline,0,0,0,999.0
2025-07-19T02:04:40.193364,node_40,offline,0,0,0,999.0
2025-07-19T02:04:40.194179,node_41,offline,0,0,0,999.0
2025-07-19T02:04:40.194967,node_42,offline,0,0,0,999.0
2025-07-19T02:04:40.195728,node_43,offline,0,0,0,999.0
2025-07-19T02:04:40.196542,node_44,offline,0,0,0,999.0
2025-07-19T02:04:40.197341,node_45,offline,0,0,0,999.0
2025-07-19T02:04:40.198156,node_46,offline,0,0,0,999.0
2025-07-19T02:04:40.198923,node_47,offline,0,0,0,999.0
2025-07-19T02:04:40.199685,node_48,offline,0,0,0,999.0
2025-07-19T02:04:40.200429,node_49,offline,0,0,0,999.0
